Prolific_id,mapping_id
665d5a08c8e61c18498d08c9,Participant-1
5c921106b788a2000170709f,Participant-2
6642b23f44cfca730a034a43,Participant-3
6657b0d02e5dfa6c2663a647,Participant-4
65f70aaa07cf9f1befd47e7b,Participant-5
60fcb280d58f26d33cb004a6,Participant-6
642b3aab1e4144843eb82d33,Participant-7
66703e2af5d779f2de74b38b,Participant-8
60ff3ccd8469031d3dc3bb5d,Participant-9
63d50bed33ba8cb1b9794938,Participant-10
657c0568573c24460b180d14,Participant-11
66a0302eb014e06ead5559c3,Participant-12
6698155ab3119d4c4e19ce24,Participant-13
5c50efd2cc71f4000125ce0d,Participant-14
669efb6f06582ce0ccb073fb,Participant-15
665f119c71786f7caae3da57,Participant-16
64911161421d52eb4b522aac,Participant-17
650ead43f3d3f37c11f78c91,Participant-18
5f7f93d23baaf8161cd10edd,Participant-19
63d5021468a31efc02740c1e,Participant-20
60c142fad3c33f80288c9aa2,Participant-21
6616cb2e70225899688b7f69,Participant-22
613637a4f7a0e5359082010b,Participant-23
588ab33542c8e900019d02ae,Participant-24
6667866fdf7d77e2da32bf23,Participant-25
660426bef661c6cc7135da7a,Participant-26
6695278758244f9d6186746e,Participant-27
6676960285aeb8e3899cb504,Participant-28
62d6d87d91cf24a3c1c0f10c,Participant-29
667ac4dcd237965bb30cb0d0,Participant-30
65f43b8e7508020158576632,Participant-31
663b8b01994bf50119b3137c,Participant-32
6662fad2c34b3fe1216951ae,Participant-33
6650e7ed4228b3625176fe7f,Participant-34
66a9488e6e3cb9f8b0dff105,Participant-35
62b626b7cc2365d4e7f5c5aa,Participant-36
663e5dbb5370402d04233f92,Participant-37
6006ae13a40ec00348555219,Participant-38
5ff8442a0d726a59d5325267,Participant-39
663259adf676257069e1a6e1,Participant-40
65fb70d4e69155a62d58ac90,Participant-41
66355c3eb4af8771dcfa599f,Participant-42
610acbfd3ae11a1b16a1c3ee,Participant-43
66a0d55478f3695f3f94e961,Participant-44
6658c1d8934ec07966372945,Participant-45
668403d7c6846e6da8739878,Participant-46
5d68c8aa40524c00189e8ac2,Participant-47
5c3476a2f5ebd50001841284,Participant-48
5eefd6b37da4d24c8af3bcbc,Participant-49
632c673f8b99c86ac2fba537,Participant-50
66a641b50cc3558ad9b5448e,Participant-51
60ec1784273ae579b9a2a530,Participant-52
6657afe9abdbd8f25910a8fc,Participant-53
663a27434f1bdf79b8744994,Participant-54
65ccc7e766127e24c9e313a2,Participant-55
6638dc617e9eef581dd8277e,Participant-56
5996f68a9039240001432124,Participant-57
605de3af48d7a575adb95b09,Participant-58
667c160b60f6388a77158955,Participant-59
6678426a9e81680de1d36737,Participant-60
661e76d52e1b7df0495e562d,Participant-61
65d563ecf8df20ade2f17888,Participant-62
669bc924bc7be494c80ab035,Participant-63
6346d43493a4f14e735bc630,Participant-64
6658b838fa019e8f175c7bf4,Participant-65
66312c5a4b47cc24d7b28a22,Participant-66
6691399dd79826a6608cfb46,Participant-67
61528277afcb4906d01e0442,Participant-68
665d9797303623aeb81d13d2,Participant-69
668464223526a4aaf1335bdd,Participant-70
5f565a2b33c152071057bb04,Participant-71
6658d57e96aa5518f7414d69,Participant-72
60a97341861238ce108f9f50,Participant-73
665a1f5b7901b74f83188cf8,Participant-74
66338f4346e84e4f0469bc21,Participant-75
66a10bef1c9493801a2ba4db,Participant-76
6675c1a230eea4b3069127ec,Participant-77
5c66d6a50d7f5f00014b8ab0,Participant-78
652d36620eca7decc5bd4466,Participant-79
663a41f6c903d48632765b55,Participant-80
6315a102cb675027354ef5d8,Participant-81
6666f308693e7e1ebe9189d2,Participant-82
66a500f84bfa0407569849b6,Participant-83
601129f77e0c21000b0c408a,Participant-84
6671a5769424e2d5725f9631,Participant-85
6659735512616c7213f71cce,Participant-86
5de4eb36c4ba0907aedd3443,Participant-87
5e90a4514885633c5d0f97c3,Participant-88
6658c6e6298aedbc9b7ac19c,Participant-89
66735fc590d2b006289002b6,Participant-90
66327787528f0425a5d7fd6c,Participant-91
5c4b987538878c0001c7883b,Participant-92
6581a479f9807ef785856770,Participant-93
566f7754b937e400122ce30a,Participant-94
6110c73b348fae89ebb223f3,Participant-95
5f61023f891bb903b975dbee,Participant-96
668a61bc9c8a9fa7f9ddaafd,Participant-97
669f7bc0c833af429e770d98,Participant-98
665dcb0d2c9144ebe6c75d07,Participant-99
660453c9877e571d12b555f7,Participant-100
5ef7204033605901ce86c0b0,Participant-101
6664927aa7e156f84937c5bf,Participant-102
663a28c8c2c16585f7e21359,Participant-103
605a198cb247086bbe13d2d5,Participant-104
5c321ebf6558270001bd79aa,Participant-105
6529425c8642a206285c998b,Participant-106
5b4d41e13d01bd0001ec46c2,Participant-107
66797289562354e548f54790,Participant-108
668a6cb9c623b9b9500b95a4,Participant-109
669421d854a30a2bf5b1afe2,Participant-110
5e35373e1ddb124e6c306747,Participant-111
663c18b624172c32a8dbb066,Participant-112
5d41925ef7b99500012b960e,Participant-113
5f7f239e9b204e05b6c36538,Participant-114
663eed67d4b7867ab8b258ac,Participant-115
66a3f9e04ef0793e01b941d7,Participant-116
6607fceba47fef4f01ec4605,Participant-117
604d5e61486bd0622d2102c0,Participant-118
663ed306e45b308e3a7b1f8d,Participant-119
6643d66f7e843f95379c2949,Participant-120
5a2846ceb4a5de00011af418,Participant-121
657b91830c807b69681bf0ef,Participant-122
653d1a347da5636bc74b4d9c,Participant-123
62e02b26e879244a99e852fa,Participant-124
669521ef1465b3d43f212c30,Participant-125
615dbec57d764bf5ab0a56e5,Participant-126
60315645c8c7420a2f1ade9c,Participant-127
66a6b0310b48d0e4f32673a2,Participant-128
666330da4d3f0d3abbf4ec91,Participant-129
5b97f70161c19e00018db4a8,Participant-130
668bf6e9259a26e2089d2da9,Participant-131
664a4e8fb8a92bf4b389e8fd,Participant-132
62aa33eec600b41d4dc4b4e8,Participant-133
5edeea354d54cb1a825aa8f9,Participant-134
6638f4ddbb20d81b9e600ef1,Participant-135
66a02d45a7db35d93c9f6a81,Participant-136
659c4c8d01c4bba4fc90801a,Participant-137
5fbb9d170045d6d085a9bbbf,Participant-138
65cd164122345f20629bede9,Participant-139
66bd0b8a2d07447ae9a52ec3,Participant-140
665a435b7eca73af5ef379aa,Participant-141
5be54a0b909cdc0001748bc9,Participant-142
66746b4cbd96f7cf86da5e35,Participant-143
66435e2e5c5b5aceb2195908,Participant-144
662e3e72d494903379b6956a,Participant-145
60c1de8dacf1232623aa3e29,Participant-146
591d4bad529e9f0001ec6eed,Participant-147
657421f9661ce9a8cd7482d1,Participant-148
603e1fe6849f5c63a9997cf5,Participant-149
60a8bd22d03adbe92cbb9a5e,Participant-150
665d6a929e596697758ce323,Participant-151
5e54c7fc2394ea4c99f88987,Participant-152
664df2de088c4acb7473b3ff,Participant-153
66afd057ed059fbf4202eb71,Participant-154
5a4c1ecaefd8df0001d34305,Participant-155
65f1e91f1ed58a82bf5fc698,Participant-156
58ae2cb09e040a000139af76,Participant-157
5ece9e3b3a19db0cf5af6692,Participant-158
664df148c007a6bdc63cadf0,Participant-159
60afa1cf7a3190708f680de2,Participant-160
5dcdb60be64aaa07c14065cc,Participant-161
6665b0a0cacf8b312fd7b88a,Participant-162
5f0f59f3bc44f50f92845a05,Participant-163
66ae46354f66a46055daf8f7,Participant-164
665f165cd6055520ff40fd23,Participant-165
66893c5eeac80b6cf2c4405b,Participant-166
6653328a88892a30d7550a69,Participant-167
663791040de5898120ca93cd,Participant-168
666b2ae7c62c11d17f304263,Participant-169
655804ce0638228fca919047,Participant-170
6658b5c4eacd7bcadeef868c,Participant-171
6659cba171cfa5c88e0f2f2d,Participant-172
665ec4e20d26bf359051fe13,Participant-173
60721c2da01b3a616edba9a7,Participant-174
66497b89c55b6a0ac500cbce,Participant-175
65fb15502a7bfb5cd4f59db9,Participant-176
6691d1c25524897b604ba5e5,Participant-177
5ef319f3058d7f0178266918,Participant-178
66732196db742aa22cc89f0e,Participant-179
63d86d675509ff61463bddcd,Participant-180
655e09fc282e4139c82f834a,Participant-181
604fa685e33606f9a0ee8189,Participant-182
56db8f127dcddf000dd592af,Participant-183
6023df50d5c2d7069115de3f,Participant-184
6658e2cb395c02efada6a7a1,Participant-185
662942069e781c3f1a1355c4,Participant-186
66352811881d6bf26260a155,Participant-187
66bf9186bd2d3d587607e3c9,Participant-188
6672d80e6f628465d6d907ae,Participant-189
56f699e876348f000c883bba,Participant-190
66859c91605670ac9d1c2e03,Participant-191
664a658e36e435ec80add5a7,Participant-192
5bd3ff16b209800001bed096,Participant-193
655709a3cdd3450eff4bcb30,Participant-194
664d145fa354afdb587d3e4a,Participant-195
668e8cc5436eb5a16eb0072e,Participant-196
5bb756696322c5000159756c,Participant-197
653e790690444e79ff4b26b0,Participant-198
5dc5da21d999de45a504651b,Participant-199
66635ed2ab4b96159c8495fd,Participant-200
63d7d9af556ba1fa08dffb93,Participant-201
65faeb354511dc84270f57b5,Participant-202
641384b3dffcf39ec42d3c23,Participant-203
5ddf074601fadfe804d466a2,Participant-204
6656880ab7d440e08fff4266,Participant-205
5e36be214de4516479b48f31,Participant-206
64275e53f51a5ed4f6b7d019,Participant-207
5c6a36214fbf270001311702,Participant-208
5e1cd50a42998a05fbae9937,Participant-209
665f9dab04a455eee7e581d8,Participant-210
60a7cebdd7da583225bbf44d,Participant-211
6099911160f3e9d0d94b18e8,Participant-212
665cc3df1329066906fba1ad,Participant-213
5f286776a2baad15c3072947,Participant-214
6078941143fd5306c860164f,Participant-215
5f668a416b792f26ef5ea974,Participant-216
65353d8ebdfd9057840aea05,Participant-217
66452f8e6f5cff92c469b400,Participant-218
6655eaccc1d8a40fca9da67e,Participant-219
65f3b9b0a622d1c75930b1df,Participant-220
669674e91798fcb58e3c281c,Participant-221
665734c7a344f079c08ab102,Participant-222
6612990fa0e1d2605331a833,Participant-223
60662064c4e2b814215e6890,Participant-224
66892a7a5d486bf277cf9bc8,Participant-225
668a19f1edd91f3ef0a55fe2,Participant-226
5dd05d80b2204f1487f7812c,Participant-227
6638e801816da06f1cecaa3a,Participant-228
665efdf173820edd2b8d4d23,Participant-229
5a0c4184fe645f0001e9f5dd,Participant-230
663cb3f963f10f08d2380e65,Participant-231
66a0546b92a6ce30ea377c9b,Participant-232
66799662d6513151e840c6af,Participant-233
667480547d6bf8977fe33cad,Participant-234
669a4f388b2de8df723faf1e,Participant-235
5c4f5967aac8be0001716a65,Participant-236
59948cbdcf1d1700016efa45,Participant-237
668c3e0bcd20a4a22d1c47ca,Participant-238
664cf2037353bb98801436b5,Participant-239
66abc79f0812c1f89a25adfb,Participant-240
663032f971fff2cdf666195b,Participant-241
5c366fc38821900001b38b67,Participant-242
66043dadf1618b32183e67cc,Participant-243
58adfc6e7cf56d0001f931a2,Participant-244
6321d9c78e8e3c04f82a0ea0,Participant-245
648c7323e84d92ce663a0111,Participant-246
5d8e154af2858200171fdb95,Participant-247
663f8be78c544eaa2401c873,Participant-248
